Sub-Category,orders,lines,sales,profit,avg_discount,loss_line_pct,margin_pct
Accessories,718,775,167380.3,41936.6,7.8,11.7,25.1
Appliances,451,466,107532.2,18138.0,16.7,14.4,16.9
Art,731,796,27118.8,6527.8,7.5,0.0,24.1
Binders,1316,1523,203412.7,30221.8,37.2,40.2,14.9
Bookcases,224,228,114880.0,-3472.6,21.1,47.8,-3.0
Chairs,576,617,328449.1,26590.2,17.0,38.1,8.1
Copiers,68,68,149528.0,55617.8,16.2,0.0,37.2
Envelopes,249,254,16476.4,6964.2,8.0,0.0,42.3
Fasteners,215,217,3024.3,949.5,8.2,5.5,31.4
Furnishings,877,957,91705.2,13059.1,13.8,17.5,14.2
Labels,346,364,12486.3,5546.3,6.9,0.0,44.4
Machines,112,115,189238.6,3384.8,30.6,38.3,1.8
Paper,1191,1370,78479.2,34053.6,7.5,0.0,43.4
Phones,814,889,330007.1,44515.7,15.5,15.3,13.5
Storage,777,846,223843.6,21278.8,7.5,19.0,9.5
Supplies,187,190,46673.5,-1189.1,7.7,17.4,-2.5
Tables,307,319,206965.5,-17725.5,26.1,63.6,-8.6
