State,orders,lines,sales,profit,avg_discount,loss_line_pct,margin_pct
Alabama,34,61,19510.6,5786.8,0.0,0.0,29.7
Arizona,108,224,35282.0,-3427.9,30.4,37.9,-9.7
Arkansas,27,60,11678.1,4008.7,0.0,0.0,34.3
California,1021,2001,457687.6,76381.4,7.3,5.2,16.7
Colorado,79,182,32108.1,-6527.9,31.6,36.3,-20.3
Connecticut,45,82,13384.4,3511.5,0.7,2.4,26.2
Delaware,44,96,27451.1,9977.4,0.6,2.1,36.3
District of Columbia,4,10,2865.0,1059.6,0.0,0.0,37.0
Florida,200,383,89473.7,-3399.3,29.9,32.9,-3.8
Georgia,91,184,49095.8,16250.0,0.0,0.0,33.1
Idaho,11,21,4382.5,826.7,8.6,0.0,18.9
Illinois,276,492,80166.1,-12607.9,39.0,51.8,-15.7
Indiana,73,149,53555.4,18382.9,0.0,0.0,34.3
Iowa,17,30,4579.8,1183.8,0.0,0.0,25.8
Kansas,14,24,2914.3,836.4,0.0,0.0,28.7
Kentucky,61,139,36591.8,11199.7,0.0,0.0,30.6
Louisiana,21,42,9217.0,2196.1,0.0,0.0,23.8
Maine,3,8,1270.5,454.5,0.0,0.0,35.8
Maryland,46,105,23705.5,7031.2,0.6,1.9,29.7
Massachusetts,62,135,28634.4,6785.5,1.6,3.7,23.7
Michigan,117,255,76269.6,24463.2,0.7,0.0,32.1
Minnesota,44,89,29863.2,10823.2,0.0,0.0,36.2
Mississippi,26,53,10771.3,3173.0,0.0,0.0,29.5
Missouri,30,66,22205.2,6436.2,0.0,0.0,29.0
Montana,8,15,5589.4,1833.3,6.7,0.0,32.8
Nebraska,23,38,7464.9,2037.1,0.0,0.0,27.3
Nevada,23,39,16729.1,3316.8,6.2,2.6,19.8
New Hampshire,17,27,7292.5,1706.5,1.1,3.7,23.4
New Jersey,61,130,35764.3,9772.9,0.5,1.5,27.3
New Mexico,22,37,4783.5,1157.1,5.9,2.7,24.2
New York,562,1128,310876.3,74038.5,5.5,4.2,23.8
North Carolina,136,249,55603.2,-7490.9,28.4,27.3,-13.5
North Dakota,2,7,919.9,230.1,0.0,0.0,25.0
Ohio,236,469,78258.1,-16971.4,32.5,44.6,-21.7
Oklahoma,34,66,19683.4,4854.0,0.0,0.0,24.7
Oregon,56,124,17431.2,-1190.5,28.9,34.7,-6.8
Pennsylvania,288,587,116511.9,-15560.0,32.9,47.4,-13.4
Rhode Island,25,56,22628.0,7285.6,2.1,7.1,32.2
South Carolina,20,42,8481.7,1769.1,0.0,0.0,20.9
South Dakota,5,12,1315.6,394.8,0.0,0.0,30.0
Tennessee,91,183,30661.9,-5341.7,29.1,35.5,-17.4
Texas,487,985,170188.0,-25729.4,37.0,49.3,-15.1
Utah,26,53,11220.1,2546.5,6.0,0.0,22.7
Vermont,6,11,8929.4,2245.0,0.0,0.0,25.1
Virginia,115,224,70636.7,18598.0,0.0,0.0,26.3
Washington,256,506,138641.3,33402.7,6.4,3.4,24.1
West Virginia,2,4,1209.8,185.9,7.5,25.0,15.4
Wisconsin,53,110,32114.6,8401.8,0.0,0.0,26.2
Wyoming,1,1,1603.1,100.2,20.0,0.0,6.2
